task,optimistic_difficulty,likely_difficulty,pessimistic_difficulty,start_unix,actual_difficulty,end_unix
ios-document-scanner-initial,30,45,70,1790664371,45,1790667957
bw-adaptive-and-manual-shutter-camera,35,50,75,1790682857,50,1790684436
review-functional-fixes,25,40,65,1790728192,40,1790730155
testflight-build-5,10,20,40,1790766030,15,1790766433
document-detection-coverage,25,40,65,1790817177,40,1790818054
testflight-build-6,10,20,40,1790820840,20,1790821721
testflight-build-7,10,20,40,1790821721,20,1790821984
stable-live-document-detection,25,45,70,1790828946,45,1790829163
testflight-build-8,10,20,40,1790829163,25,1790829686
